FIRST_michael FIRST_dequina FIRST_<a FIRST_href= FIRST_" FIRST_mailto FIRST_: FIRST_mrbrown@ucla FIRST_. FIRST_edu FIRST_" FIRST_>mrbrown@ucla FIRST_. FIRST_edu</a> FIRST_| FIRST_<a FIRST_href= FIRST_" FIRST_mailto FIRST_: FIRST_michael_jordan@geocities FIRST_. FIRST_com FIRST_" FIRST_>michael_jordan@geocities FIRST_. FIRST_com</a> FIRST_| FIRST_<a FIRST_href= FIRST_" FIRST_mailto FIRST_: FIRST_mj23@the18thhole FIRST_. FIRST_com FIRST_" FIRST_>mj23@the18thhole FIRST_. FIRST_com</a> FIRST_<a FIRST_href= FIRST_" FIRST_mailto FIRST_: FIRST_mrbrown@michaeljordanfan FIRST_. FIRST_com FIRST_" FIRST_>mrbrown@michaeljordanfan FIRST_. MIDDLE_com</a> MIDDLE_| MIDDLE_<a MIDDLE_href= MIDDLE_" MIDDLE_mailto MIDDLE_: MIDDLE_mj23@michaeljordanfan MIDDLE_. MIDDLE_com MIDDLE_" MIDDLE_>mj23@michaeljordanfan MIDDLE_. MIDDLE_com</a> MIDDLE_<a MIDDLE_href= MIDDLE_" MIDDLE_mailto MIDDLE_: MIDDLE_mrbrown23@juno MIDDLE_. MIDDLE_com MIDDLE_" MIDDLE_>mrbrown23@juno MIDDLE_. MIDDLE_com</a> MIDDLE_| MIDDLE_<a MIDDLE_href= MIDDLE_" MIDDLE_mailto MIDDLE_: MIDDLE_mrbrown@iname MIDDLE_. MIDDLE_com MIDDLE_" MIDDLE_>mrbrown@iname MIDDLE_. MIDDLE_com</a> MIDDLE_| MIDDLE_<a MIDDLE_href= MIDDLE_" MIDDLE_mailto MIDDLE_: MIDDLE_mst3k@digicron MIDDLE_. MIDDLE_com MIDDLE_" MIDDLE_>mst3k@digicron MIDDLE_. MIDDLE_com</a> MIDDLE_visit MIDDLE_mr MIDDLE_. MIDDLE_brown's MIDDLE_movie MIDDLE_site MIDDLE_at MIDDLE_<a MIDDLE_href= MIDDLE_" MIDDLE_http MIDDLE_: MIDDLE_//members MIDDLE_. MIDDLE_tripod MIDDLE_. MIDDLE_com/~mrbrown/ MIDDLE_" MIDDLE_>http MIDDLE_: MIDDLE_//members MIDDLE_. MIDDLE_tripod MIDDLE_. MIDDLE_com/~mrbrown/</a> MIDDLE_personal MIDDLE_page MIDDLE_: MIDDLE_<a MIDDLE_href= MIDDLE_" MIDDLE_http MIDDLE_: MIDDLE_//members MIDDLE_. MIDDLE_tripod MIDDLE_. MIDDLE_com/~mrbrown/home MIDDLE_. MIDDLE_html MIDDLE_" MIDDLE_>http MIDDLE_: MIDDLE_//members MIDDLE_. MIDDLE_tripod MIDDLE_. MIDDLE_com/~mrbrown/home MIDDLE_. MIDDLE_html</a> LAST_michael LAST_jordan LAST_beyond LAST_the LAST_court LAST_: LAST_<a LAST_href= LAST_" LAST_http LAST_: LAST_//www LAST_. LAST_geocities LAST_. LAST_com/colosseum/field/2302/ LAST_" LAST_>http LAST_: LAST_//www LAST_. LAST_geocities LAST_. LAST_com/colosseum/field/2302/</a> LAST_a LAST_michael LAST_jordan LAST_fan's LAST_heartbreak LAST_: LAST_<a LAST_href= LAST_" LAST_http LAST_: LAST_//members LAST_. LAST_tripod LAST_. LAST_com/~mj23/mj LAST_. LAST_html LAST_" LAST_>http LAST_: LAST_//members LAST_. LAST_tripod LAST_. LAST_com/~mj23/mj LAST_. LAST_html</a>